{
  "definition": {
    "$schema": "https://schema.management.azure.com/providers/Microsoft.Logic/schemas/2016-06-01/workflowdefinition.json#",
    "actions": {
      "Response": {
        "type": "Response",
        "kind": "Http",
        "inputs": {
          "statusCode": 200,
          "body": "Hello world"
        },
        "runAfter": {
          "Initialize_variable": [
            "SUCCEEDED"
          ]
        }
      },
      "Initialize_variable": {
        "type": "InitializeVariable",
        "inputs": {
          "variables": [
            {
              "name": "demovar",
              "type": "array",
              "value": "@parameters('ResourceGroupParam')"
            }
          ]
        },
        "runAfter": {}
      }
    },
    "contentVersion": "1.0.0.0",
    "outputs": {},
    "triggers": {
      "When_a_HTTP_request_is_received": {
        "type": "Request",
        "kind": "Http"
      }
    }
  },
  "kind": "Stateful"
}