{
  "definition": {
    "metadata": {
      "ExportMetadata": {
        "ExportCorrelationId": "05e5eaf1-1e5d-4c4e-b572-969716956a9d",
        "ExportDate": "2025-03-17T09:13:30"
      }
    },
    "$schema": "https://schema.management.azure.com/providers/Microsoft.Logic/schemas/2016-06-01/workflowdefinition.json#",
    "contentVersion": "1.0.0.0",
    "triggers": {
      "Recurrence": {
        "recurrence": {
          "frequency": "Day",
          "interval": 1,
          "schedule": {
            "hours": [
              "18"
            ],
            "minutes": [
              30
            ]
          },
          "timeZone": "Pacific Standard Time"
        },
        "evaluatedRecurrence": {
          "frequency": "Day",
          "interval": 1,
          "schedule": {
            "hours": [
              "18"
            ],
            "minutes": [
              30
            ]
          },
          "timeZone": "Pacific Standard Time"
        },
        "type": "Recurrence"
      }
    },
    "actions": {
      "Function-Catch": {
        "actions": {
          "Terminate": {
            "type": "Terminate",
            "inputs": {
              "runError": {
                "code": "@{outputs('Scheduled')['statusCode']}",
                "message": "@{body('Scheduled')}"
              },
              "runStatus": "Failed"
            }
          }
        },
        "runAfter": {
          "Function-Try": [
            "Failed",
            "Skipped",
            "TimedOut"
          ]
        },
        "type": "Scope"
      },
      "Function-Success": {
        "runAfter": {
          "Function-Try": [
            "Succeeded"
          ]
        },
        "type": "Scope"
      },
      "Function-Try": {
        "actions": {
          "Scheduled": {
            "type": "Function",
            "inputs": {
              "function": {
                "connectionName": "Scheduled-connection-1"
              },
              "method": "POST",
              "body": {
                "Action": "stop",
                "EnableClassic": false,
                "RequestScopes": {
                  "ResourceGroups": [
                    "/subscriptions/5e8eb071-5103-4178-b2bc-417cf42def4d/resourceGroups/tfs_group/"
                  ]
                }
              }
            }
          }
        },
        "type": "Scope"
      }
    }
  },
  "kind": "Stateful"
}