{
  "functionConnections": {
    "AutoStop-connection-1": {
      "authentication": {
        "name": "Code",
        "type": "QueryString",
        "value": "@appsetting('AutoStop-connection-1-key')"
      },
      "displayName": "AutoStop-connection-1",
      "function": {
        "id": "/subscriptions/@{appsetting('WORKFLOWS_SUBSCRIPTION_ID')}/resourceGroups/@{appsetting('WORKFLOWS_RESOURCE_GROUP_NAME')}/providers/Microsoft.Web/sites/@{appsetting('FUNCTIONAPPNAME')}/functions/AutoStop",
        "name": "@{appsetting('FUNCTIONAPPNAME')}/AutoStop",
        "type": "Microsoft.Web/sites/functions"
      },
      "triggerUrl": "@parameters('AutoStop-connection-1-triggerUrl')"
    },
    "Scheduled-connection-1": {
      "authentication": {
        "name": "Code",
        "type": "QueryString",
        "value": "@appsetting('Scheduled-connection-1-key')"
      },
      "displayName": "Scheduled-connection-1",
      "function": {
        "id": "/subscriptions/@{appsetting('WORKFLOWS_SUBSCRIPTION_ID')}/resourceGroups/@{appsetting('WORKFLOWS_RESOURCE_GROUP_NAME')}/providers/Microsoft.Web/sites/@{appsetting('FUNCTIONAPPNAME')}/functions/Scheduled",
        "name": "@{appsetting('FUNCTIONAPPNAME')}/Scheduled",
        "type": "Microsoft.Web/sites/functions"
      },
      "triggerUrl": "@parameters('Scheduled-connection-1-triggerUrl')"
    }
  },
  "managedApiConnections": {},
  "serviceProviderConnections": {}
}