{
  "IsEncrypted": false,
  "Values": {
    "WEBSITE_CONTENTAZUREFILECONNECTIONSTRING": "DefaultEndpointsProtocol=https;EndpointSuffix=core.windows.net;AccountName=stdemo0325092749;AccountKey=G4E5A0uMuTc3wk5X/op51Kb6WNZYKFXb2O4BkPrS7zGRcUgpL8evDzPZ3XaWBaLnxi6UkKlVljTi+AStBQibew==",
    "WEBSITE_SLOT_NAME": "Production",
    "AzureFunctionsJobHost__extensionBundle__id": "Microsoft.Azure.Functions.ExtensionBundle.Workflows",
    "FUNCTIONS_EXTENSION_VERSION": "~4",
    "WEBSITE_AUTH_ENABLED": "False",
    "ResourceGroupArray": "[             \"/subscriptions/5e8eb071-5103-4178-b2bc-417cf42def4d/resourceGroups/tfs/\",             \"/subscriptions/5e8eb071-5103-4178-b2bc-417cf42def4d/ahmsaidev-rg//\"         ]",
    "AutoStop-connection-1-triggerUrl": "https://mtn-func-demo-01.azurewebsites.net/api/autostop",
    "AzureFunctionsJobHost__extensionBundle__version": "[1.*, 2.0.0)",
    "AutoStop-connection-1-key": "RfF0ZS2gysZSLpJrnW8wvY7dUMGDqkg-_N5twzUC9nn9AzFu6ZWZ2Q==",
    "Scheduled-connection-1-triggerUrl": "https://mtn-func-demo-01.azurewebsites.net/api/Scheduled",
    "Scheduled-connection-1-url": "https://mtn-func-demo-01.azurewebsites.net/api/scheduled",
    "APPINSIGHTS_INSTRUMENTATIONKEY": "61628c90-970c-4ec5-a262-7b4fad3481e9",
    "FUNCTIONS_RUNTIME_SCALE_MONITORING_ENABLED": "1",
    "WORKFLOWS_SUBSCRIPTION_ID": "5e8eb071-5103-4178-b2bc-417cf42def4d",
    "AzureWebJobsDashboard": "DefaultEndpointsProtocol=https;EndpointSuffix=core.windows.net;AccountName=stdemo0325092749;AccountKey=G4E5A0uMuTc3wk5X/op51Kb6WNZYKFXb2O4BkPrS7zGRcUgpL8evDzPZ3XaWBaLnxi6UkKlVljTi+AStBQibew==",
    "Scheduled-connection-1-key": "_XPADD3IwPMv31QM_k5cVU7j4JMnJskSnFFdVVUIAZqIAzFuMTKCIw==",
    "azureFunctionOperation_functionAppKey": "RfF0ZS2gysZSLpJrnW8wvY7dUMGDqkg-_N5twzUC9nn9AzFu6ZWZ2Q==",
    "WEBSITE_NODE_DEFAULT_VERSION": "16.16.0",
    "WORKFLOWS_RESOURCE_GROUP_NAME": "stopstart1-demo",
    "ScmType": "None",
    "WEBSITE_CONTENTSHARE": "mtn-logic-app-demo-01",
    "WEBSITE_DEFAULT_HOSTNAME": "mtn-logic-app-demo-01.azurewebsites.net",
    "AutoStop-connection-1-url": "https://mtn-func-demo-01.azurewebsites.net/api/autostop",
    "AzureWebJobsStorage": "DefaultEndpointsProtocol=https;EndpointSuffix=core.windows.net;AccountName=stdemo0325092749;AccountKey=G4E5A0uMuTc3wk5X/op51Kb6WNZYKFXb2O4BkPrS7zGRcUgpL8evDzPZ3XaWBaLnxi6UkKlVljTi+AStBQibew==;BlobEndpoint=https://stdemo0325092749.blob.core.windows.net/;FileEndpoint=https://stdemo0325092749.file.core.windows.net/;QueueEndpoint=https://stdemo0325092749.queue.core.windows.net/;TableEndpoint=https://stdemo0325092749.table.core.windows.net/",
    "FUNCTIONS_WORKER_RUNTIME": "dotnet",
    "WEBSITE_SITE_NAME": "mtn-logic-app-demo-01",
    "FUNCTION_APPNAME": "mtn-func-demo-01",
    "APP_KIND": "workflowApp"
  }
}