{
  "definition": {
    "metadata": {
      "ExportMetadata": {
        "ExportCorrelationId": "05e5eaf1-1e5d-4c4e-b572-969716956a9d",
        "ExportDate": "2025-03-17T09:13:30"
      }
    },
    "$schema": "https://schema.management.azure.com/providers/Microsoft.Logic/schemas/2016-06-01/workflowdefinition.json#",
    "contentVersion": "1.0.0.0",
    "triggers": {
      "Recurrence": {
        "type": "Recurrence",
        "recurrence": {
          "frequency": "Hour",
          "interval": 8,
          "timeZone": "Pacific Standard Time"
        }
      }
    },
    "actions": {
      "Function-Catch": {
        "type": "Scope",
        "actions": {
          "Terminate": {
            "type": "Terminate",
            "inputs": {
              "runStatus": "Failed",
              "runError": {
                "code": "@{outputs('AutoStop')['statusCode']}",
                "message": "@{body('AutoStop')}"
              }
            }
          }
        },
        "runAfter": {
          "Function-Try": [
            "Failed",
            "Skipped",
            "TimedOut"
          ]
        }
      },
      "Function-Success": {
        "type": "Scope",
        "actions": {},
        "runAfter": {
          "Function-Try": [
            "Succeeded"
          ]
        }
      },
      "Function-Try": {
        "type": "Scope",
        "actions": {
          "AutoStop": {
            "type": "Function",
            "inputs": {
              "method": "POST",
              "body": {
                "Action": "stop",
                "EnableClassic": false,
                "AutoStop_MetricName": "Percentage CPU",
                "AutoStop_Condition": "LessThan",
                "AutoStop_Description": "Alert to stop the VM if the CPU % exceed the threshold",
                "AutoStop_Frequency": "00:05:00",
                "AutoStop_Severity": "2",
                "AutoStop_Threshold": "5",
                "AutoStop_TimeAggregationOperator": "Average",
                "AutoStop_TimeWindow": "06:00:00",
                "RequestScopes": {
                  "ResourceGroups": "@parameters('ResourceGroupParam')"
                }
              },
              "function": {
                "connectionName": "AutoStop-connection-1"
              }
            }
          }
        },
        "runAfter": {}
      }
    }
  },
  "kind": "Stateful"
}