{
  "definition": {
    "$schema": "https://schema.management.azure.com/providers/Microsoft.Logic/schemas/2016-06-01/workflowdefinition.json#",
    "actions": {
      "HTTP": {
        "type": "Http",
        "inputs": {
          "uri": "https://www.microsoft.com",
          "method": "GET"
        },
        "runAfter": {},
        "runtimeConfiguration": {
          "contentTransfer": {
            "transferMode": "Chunked"
          }
        }
      }
    },
    "contentVersion": "1.0.0.0",
    "outputs": {},
    "triggers": {
      "Recurrence": {
        "type": "Recurrence",
        "recurrence": {
          "interval": 1,
          "frequency": "Day",
          "timeZone": "Dateline Standard Time",
          "schedule": {
            "hours": [
              5
            ],
            "minutes": [
              0
            ]
          }
        }
      }
    }
  },
  "kind": "Stateful"
}